id,Actual_price,Product_availability,Condition,Currency,Country,brand,Description,Category_name,primaryCategories,name,weight_in_kg,Actual_price_log,brand_standarized,Actual_price_mean_by_category_name,Category_name_encoded,Category_name_encoded_log
0,74.99,Yes,New,USD,USA,Lowepro,"Camera Accessories,Digital Camera Accessories,Camera Bags & Cases,Electronics,Camera Backpacks,Camera & Photo,Camera Cases,Cameras & Camcorders,Photography,Camera Bags,Photography Bags Cases,Backpacks,Camera Bags, Cases & Straps,Bags & Cases","camera, bag",Electronics,Photo Hatchback Series BP 150 AW II Backpack (Black/Gray),0.8164656,4.3306,lowepro,74.99,203.77855147224102,5.3219
1,359.99,Yes,New,USD,USA,360fly,"Cameras & Photo,360 Cameras,VR 360 Video,Camcorders,Video,Electronics,Camera & Photo,All 360 Video Cameras,Action Camcorders,Shop Cameras by Type,Sports & Action Video Cameras,Cameras & Camcorders","camera, camcorder, action",Electronics,4K Video Camera,2.721552,5.8888,360fly,359.99,298.77538518182536,5.703
2,28.62,Yes,New,USD,USA,Fujifilm,"Instant Film,Instant Cameras,Cameras & Photo,Digital Camera Accessories,Film,Electronics,Film Cameras,Cameras & Camcorders,Photography,Accessories,Photography edzuruvw,Instant Print Accessories,Instant Film Cameras,See more Fujifilm 600012976 Instax Mini Rainbow Film (1...,Film Photography","camera, mirrorless",Electronics,instax mini Rainbow Instant Film (10 Exposures),0.041,3.3884,fujifilm,28.62,188.32162658985808,5.2434
3,359.95,Yes,New,USD,USA,Nikon,"Nikon Cameras,Digital Cameras,Cameras & Photo,Used:Digital Photography,Shop Cameras by Brand,Electronics,Electronics Deals,Photography fxyybzbtrcbsrztvff,Camera & Photo,Used:Point Shoot Digital Cameras,Point & Shoot Digital Cameras,Cameras & Camcorders,Photography,Point & Shoot Cameras,Point Shoot Cameras,Point-And-Shoot Cameras","camera, shoot, point",Electronics,Nikon - COOLPIX B700 20.2-Megapixel Digital Camera - Black,0.56699,5.8887,nikon,636.3133,489.05924836765524,6.1945
4,1099.0,Yes,New,USD,USA,Canon,"Photography,Digital Cameras,Point & Shoot Cameras,Cameras & Photo,All Point & Shoot Cameras,All Cameras,Point Shoot Cameras,Electronics,Camera & Photo,Point & Shoot Digital Cameras,Cameras & Camcorders","camera, shoot, point",Electronics,PowerShot G5 X Digital Camera Free Accessory Kit,6.0327736000000005,7.003,canon,636.3133,489.05924836765524,6.1945
5,449.99,Yes,New,USD,USA,Olympus,"Digital Cameras,Cameras & Photo,All Point & Shoot Cameras,Electronics,Point Shoot Cameras suybxafwtcyzbfsf,Camera & Photo,Point & Shoot Digital Cameras,Cameras & Camcorders,Photography,Point & Shoot Cameras,Body Only,Waterproof Cameras,DSLR,Point Shoot Cameras,Cameras","camera, shoot, point",Electronics,Olympus TG-5 Waterproof Camera with 3-Inch LCD,0.2494756,6.1114,olympus,636.3133,489.05924836765524,6.1945
6,67.95,Yes,New,USD,USA,Isimple,"Consumer Electronics,Vehicle Electronics & GPS,Car Electronics Accessories,Bluetooth, Handsfree Car Kits,Auto & Tires,Automotive Tools & Equipment,Automotive Electrical,Electronics,Car & Vehicle Electronics,Vehicle Electronics Accessories,Audio & Video Accessories,Car Audio,Other Car Audio,Cell Phones,Accessories,Bluetooth Headsets,Car Electronics & GPS,Car Installation Parts & Accessories,Bluetooth/Hands-Free Car Kits,eBay Motors,Parts & Accessories,Car Electronics,Adaptors,See more iSimple ISFM2351 Tranzit Blu HF Audio Interfac...,Car Audio & Video Installation,Interconnect Cables,Cell Phones & Accessories,Headsets","car, gps, dash",Electronics,iSimple - TranzIt Bluetooth Factory Radio Module - Black,4.7173568,4.2333,isimple,132.07,177.43597587839852,5.1842
7,107.35,Yes,New,USD,USA,Kenwood,"Consumer Electronics,Vehicle Electronics & GPS,Car Audio,Car Audio In-Dash Units,eBay Motors,Parts & Accessories,Car Electronics,Car Video,In-Dash DVD Players Only,See more Kenwood DPX502BT Double DIN CD Receiver With B...,Auto & Tires,Auto Electronics,Car Stereos,Kenwood Car Stereos,In-Dash Audio Players,Car Receivers,All In-Dash Stereos,Electronics,Car & Vehicle Electronics,Car Stereo Receivers,Audio In-Dash Units,Car Electronics & GPS,CD Players,Audio,Stereos,Receivers & Amplifiers,Car & Truck Parts,Interior,Dash Parts,Car Amplifiers,Electronics Features,Car Tuner","car, gps, dash",Electronics,Kenwood - CD - Built-In Bluetooth - Apple® iPod®- and Satellite Radio-Ready - In-Dash Deck - Black,2.041164,4.6853,kenwood,132.07,177.43597587839852,5.1842
8,30.99,Yes,New,USD,USA,iSimple,"Car Electronics & GPS,Car Video,Headrest DVD Players,Cell Phones,Accessories,Car Mounts,Electronics,Tablet Accessories,Stands,MP3 Player Accessories,Mounting Kits","car, gps, dash",Electronics,"iSimple - StrongHold Headrest Mount for Most 7 - 10.2"" Tablets - Black""",0.453592,3.4654,isimple,132.07,177.43597587839852,5.1842
9,321.99,Yes,New,USD,USA,Pioneer,"Auto & Tires,Auto Electronics,Car Stereos,In-Dash DVD Players,Car Receivers,All In-Dash Stereos,Electronics,Car & Vehicle Electronics,Car Electronics,Car Audio,Car Stereo Receivers,Car Electronics & GPS,All Car Stereo Receivers","car, gps, dash", Siri Eyes Free,Pioneer Avh-x3800bhs 6.2 Double-DIN In-Dash DVD Receiver with Bluetooth,,5.7776,pioneer,132.07,177.43597587839852,5.1842
10,101.99,Yes,New,USD,USA,Alpine,"Auto & Tires,Auto Electronics,Car Speakers and Subwoofers,Mid Range Speakers,Car Speakers,All Car Speakers,Consumer Electronics,Vehicle Electronics & GPS,Car Audio,Car Speakers & Speaker Systems,See more Alpine SPS-610C 2-Way 6.5in. Car Speakers Syst...,Car Electronics & GPS,6.5\\ Car Speakers,car electronics,Electronics,Speakers,Coaxial Speakers","car, speaker, subwoofer",Electronics,"Alpine - 6-1/2 2-Way Component Car Speakers with Poly-Mica Cones (Pair) - Black""",2.5,4.6346,alpine,230.99,249.5850905223581,5.5238
11,359.99,Yes,New,USD,USA,Kicker,"Auto & Tires,Auto Electronics,Car Speakers and Subwoofers,6\\ x 9\\ Car Speakers,Car Speakers,Car Electronics & GPS,Car Audio,All Car Speakers & Subwoofers,Name Brands,Kicker,Electronics,Car Electronics,Amplifiers,Multichannel Amplifiers,Frys,Automotive,Automotive Basics","car, speaker, subwoofer",Electronics,"2) New Kicker 41KSC6934 6x9 3-Way 300 Watt Car Audio Coaxial Speakers KSC693""",3.6740952,5.8888,kicker,230.99,249.5850905223581,5.5238
12,83.95,Yes,New,USD,USA,SanDisk,"Micro SD (SD, SDHC, SDXC),Camera Accessories,Computers & Accessories,Digital Camera Accessories,Computer Accessories & Peripherals,Electronics,Cell Phone Accessories,microSD (SDHC, SDXC),Micro SDXC,Memory Cards,Cameras & Camcorders,Photography,Memory Cards Accessories,See more SanDisk Ultra 200GB Class 10 - - SDSDQUAN-200G...,microSDXC,Micro SD Cards,Cell Phones & Accessories","card, memory, camera",Electronics,SanDisk - Ultra 200GB microSDXC UHS-I Memory Card,0.07257472,4.442,sandisk,83.95,206.77274096519477,5.3364
13,78.03,Yes,New,USD,USA,NZXT,"Computers,Cases & Towers,Computers & Accessories,Computer Components,Electronics,Computer Cases,Computers & Tablets,Desktop Computer Cases,Computer Cards & Components","case, computer",Electronics,Source 530 Full Tower Case (Black),9.1625584,4.3698,nzxt,79.22,173.69405226265818,5.163
14,80.41,,New,USD,USA,NZXT,"Computers,Cases & Towers,Computers & Accessories,Computer Components,Computer Cases,Electronics,Computers & Tablets,Desktop Computer Cases,Computer Cards & Components,Desktop Computer Cases safqadwuaub","case, computer",Electronics,Phantom 410 Mid-Tower Case (White),8.9811216,4.3995,nzxt,79.22,173.69405226265818,5.163
15,1074.99,Yes,New,USD,USA,Apple,"Computers,Computers & Accessories,Electronics,Computers Features,All-in-Ones,All Desktops,Desktops,Desktop & All-in-One Computers,PC Desktops & All-In-Ones,Desktops & All-In-Ones,All Desktop Computers,Computers/Tablets & Networking,Apple Desktops & All-In-Ones,Computers & Tablets,Desktop Computers",desktop,Electronics,"Apple - 21.5 iMac® - Intel Core i5 - 8GB Memory - 1TB Hard Drive - Silver""",8.299826415999998,6.9809,apple,1074.99,537.1093728134715,6.288
16,148.59,Yes,New,USD,USA,WD,"Computers,Internal Hard Drives,Network Attached Storage Drives etryvwsrbvvvvxfutbey,Internal Drives,Drives, Storage & Blank Media,Computers & Accessories,Networking,Hard Drives (HDD, SSD & NAS),Computer Accessories & Peripherals,Internal Hard Disk Drives,Electronics,Hard Drives & Storage,Drives Storage,Computers/Tablets & Networking,Computer Components,NAS Servers,Computers & Tablets,Network Attached Storage Drives,Data Storage","drive, storage, hard",Electronics,"4TB Network OEM HDD Retail Kit (8-Pack, WD40EFRX, Red Drives)",10.3872568,5.0079,wd,157.4633,185.14327450728902,5.2265
17,199.99,Yes,New,USD,USA,Samsung,"Computers,Drives, Storage & Blank Media,Solid State Drives,Hard Drives (HDD, SSD & NAS),Computers & Accessories,Computer Accessories & Peripherals,Hard Drives & Storage,Electronics,Drives Storage,Computers/Tablets & Networking,External Drives,Computers & Tablets,External Solid State Drives,Other Hard Drives,Data Storage","drive, storage, hard",Electronics,Samsung T5 Portable SSD - 500GB - USB 3.1 External SSD (MU-PA500B/AM),0.7257472,5.3032,samsung,157.4633,185.14327450728902,5.2265
18,275.65,Yes,New,USD,USA,SanDisk,"Electronics,Computers,Computer Components,Hard Drives & Storage,Drives Storage,External Drives,Computers & Tablets,Computer Accessories & Peripherals,External Hard Drives,Computers & Accessories,Data Storage,Network Attached Storage","drive, storage, hard",Electronics,SanDisk Extreme 500 480GB USB 3.0 Portable SSD (Solid State Drive) - SDSSDEXT-480G,3.2658624,5.6227,sandisk,157.4633,185.14327450728902,5.2265
19,42.65,Yes,,USD,USA,WD,"Computers,Internal Hard Drives,Drives, Storage & Blank Media,Hard Drives (HDD, SSD & NAS),Computers & Accessories,Internal Hard Disk Drives,Computer Accessories & Peripherals,Electronics,Hard Drives & Storage,Computers/Tablets & Networking,Computer Components,Computers & Tablets,Data Storage","drive, storage, hard",Electronics,WD - Blue 500GB Internal Serial ATA Hard Drive for Laptops (OEM/Bare Drive),1.4514944,3.7762,wd,157.4633,185.14327450728902,5.2265
20,79.99,Yes,,USD,USA,WD,"Computers,Internal Hard Drives,Drives, Storage & Blank Media,Hard Drives (HDD, SSD & NAS),Computers & Accessories,Internal Hard Disk Drives,Computer Accessories & Peripherals,Electronics,Hard Drives & Storage,Computers/Tablets & Networking,Computer Components,Computers & Tablets,Data Storage","drive, storage, hard",Electronics,WD - Blue 500GB Internal Serial ATA Hard Drive for Laptops (OEM/Bare Drive),1.4514944,4.3943,wd,157.4633,185.14327450728902,5.2265
21,197.91,Yes,New,USD,USA,Seagate,"Computers,Internal Hard Drives,Internal Drives,Drives, Storage & Blank Media,Hard Drives (HDD, SSD & NAS),Computers & Accessories,Computer Accessories & Peripherals,Internal Hard Disk Drives,Electronics,Hard Drives & Storage,Drives Storage,Computers/Tablets & Networking,Computer Components,Computers & Tablets,Data Storage","drive, storage, hard",Electronics,Seagate - SkyHawk Surveillance HDD 6TB Internal SATA Hard Drive for Desktops,11.2944408,5.2928,seagate,157.4633,185.14327450728902,5.2265
22,129.95,Yes,,USD,USA,AfterShokz,"Headphones,Consumer Electronics,All Headphones,Portable Audio & Headphones,On-Ear Headphones,Over-Ear and On-Ear Headphones,Electronics,Audio,Wireless and Bluetooth Headphones,Shop Headphones by Type",headphone,Electronics,AfterShokz Trekz Titanium Wireless Headphones,0.57606184,4.8748,aftershokz,164.9649,216.5679804141499,5.3825
23,199.98,Yes,New,USD,USA,Sennheiser,"Headphones,All Headphones,Premium Headphones,Over-Ear and On-Ear Headphones,Magnolia Home Theater,Electronics,Audio,Magnolia Premium Audio,Shop Headphones by Type,Mobile,Magnolia Headphones,Magnolia Accessories",headphone,Electronics,Sennheiser - HD 599 Over-the-Ear Headphones HD 5 - Brown/ivory/matte metallic,0.72121128,5.3032,sennheiser,164.9649,216.5679804141499,5.3825
24,35.99,Yes,New,USD,USA,Sennheiser,"Headphones,All Headphones,electronics,Earbud Headphones,Headphones urvqcddttbdswqbzzfvrxfzqdqawavawss,Earbud & In-Ear Headphones,Audio,Mobile,Earphones,all electronics","headphone, earbud, bluetooth",Electronics,Sennheiser - CX 3.00 Earbud Headphones - Red,0.453592,3.6106,sennheiser,50.6599,137.6640829873521,4.932
25,36.0,Yes,New,USD,USA,House of Marley,"Headphones,Bluetooth Headphones,All Headphones,On-Ear Headphones,Electronics,Bluetooth Headphones rydyqsaxrbrdyuquyetsrydxefvucsr,Audio,Mobile","headphone, earbud, bluetooth",Electronics,The Rebel BT On-Ear Wireless Bluetooth Headphones (Black),6.8945984,3.6109,house of marley,50.6599,137.6640829873521,4.932
26,79.99,Yes,New,USD,USA,Samsung,"Bluetooth Headsets,Portable Audio & Headphones,Frys,Electronics,Cell Phones,Cell Phone Accessories,See more Samsung Level U Pro Active Noise Cancelling Wi...,Mobile,Headphones,Bluetooth Headphones,Consumer Electronics,Accessories,Headsets,Cell Phones & Accessories,Audio,Shop Headphones by Type,Earbuds and In-ear Headphones","headphone, earbud, bluetooth",Electronics,"Samsung Level U PRO Headphones with ANC, Black",2.9029888,4.3943,samsung,50.6599,137.6640829873521,4.932
27,252.95,Yes,Refurbished,USD,USA,Logitech,"Controllers,Video Game Racing Wheels for PC, Nintendo, Xbox or PlayStation,Video Game Accessories,Electronics Features,Gaming Peripherals,Xbox One,Frys,Xbox One Accessories,Xbox One Controllers,TVs Entertainment,PC Computers,Gaming Controllers svurybvfds,Accessories,Racing Wheels,Video Games,PC Gaming,PC Gaming ftdzsbvfbetarvufrccysccfxybxctt,Gaming Controllers zuxbbweveteztffywrybecztecqtezfbc,Controllers & Attachments,Gaming Controllers,Gaming,Video Games & Consoles","headset, game, computer",Electronics,Details About Logitech G920 Xbox Driving Force Racing Wheel For Xbox One And Pc (941000121),6.917278,5.5371,logitech,252.95,263.09831240720797,5.5763
28,179.99,Yes,New,USD,USA,Corsair,"Computers,Computers & Accessories,Keyboards zsqstqcsbaqbsvexuadecqqyxarfv,Electronics,Keyboards and Mice,Accessories,Keyboards, Mice & Pointers,Webcams,Computer Peripherals adqydrvaeqbzrzdfxqdbcebazwdbyuvffx,Video Games,Keyboards & Keypads,Computers & Tablets,Keyboards Accessories,PC gaming accessories,Computer Accessories,Computer Accessories & Peripherals,Computer Keyboards,Keyboards urtvtefvdsrswwrcswbxfzvaauxzvcfafre,Keyboards xvdbctbtactd,Keyboards, Mice & Accessories,Computers/Tablets & Networking,Mice & Keyboards,Laptop & Desktop Accessories,Keyboards,Computer Cables & Connectors,Computer Peripherals,Gaming Keyboards","keyboard, computer, mouse",Electronics,CORSAIR K70 RGB RAPIDFIRE Mechanical Gaming Keyboard - USB Passthrough and Media Controls - Fastest and Linear - Cherry MX Speed - RGB LED Backlit,1.2020188,5.1984,corsair,179.99,238.77985461127187,5.4797
29,536.28,Yes,New,USD,USA,Asus,"Computers,Computers & Accessories,Electronics,All Laptops,PC Laptops,Laptops By Brand,Asus,Computers/Tablets & Networking,PC Laptops & Netbooks,Laptops & Netbooks,Traditional Laptops,Windows 10 Laptops,Computers & Tablets,Laptops","laptop, computer",Electronics,"Asus - 17.3 Laptop - Intel Pentium - 8GB Memory - 1TB Hard Drive - Black""",2.80773448,6.2865,asus,538.1324,448.1399517604762,6.1073
30,617.26,Yes,New,USD,USA,Asus,"Computers,Computers & Accessories,Electronics,All Laptops,PC Laptops,Laptops By Brand,Asus,Computers/Tablets & Networking,PC Laptops & Netbooks,Laptops & Netbooks,Traditional Laptops,Windows 10 Laptops,Computers & Tablets,Laptops","laptop, computer",Electronics,"Asus - 17.3 Laptop - Intel Pentium - 8GB Memory - 1TB Hard Drive - Black""",2.80773448,6.4269,asus,538.1324,448.1399517604762,6.1073
31,449.99,Yes,Used,USD,USA,Apple,"Computers,Laptop Replacement Keyboards,Shop Laptops by Type,Computers & Accessories,Specialty Services,Electronics,See more Touchpad Clickpad Trackpad for Apple MacBook P...,Computers Features,Laptop Replacement Parts,Replacement Screens,Computers/Tablets & Networking,Specialty Boutique,Computer Components & Parts,PC Laptops & Netbooks,Laptops & Netbooks,Computer Components,Traditional Laptops,Computers & Tablets,Laptops,Laptop Housings & Touchpads,Laptop Screens & LCD Panels,Restoration & Repair,Apple Laptops","laptop, computer",Electronics,"Apple - MacBook Pro 13.3 Pre-owned Laptop - Intel Core i5 - 4GB Memory - 320GB - Silver""",2.041164,6.1114,apple,538.1324,448.1399517604762,6.1073
32,549.0,Yes,New,USD,USA,Lenovo,"Computers,Shop Laptops by Type,Computers & Accessories,Touchscreen Laptops,Electronics,All Laptops,PC Laptops,Computers/Tablets & Networking,PC Laptops & Netbooks,Laptops & Netbooks,Traditional Laptops,Computers & Tablets,See more Lenovo 11.6\\ Touch Yoga 710 Intel DualCore 4gb...,Laptops","laptop, computer",Electronics,"Lenovo 80TX0007US Y 710-11ISK 11.6-Inch FHD Touch Laptop (Pentium 4405Y, 4 GB Ram, 128 GB SSD, Windows 10), SilverNotebook PC Computer Tablet Touchscreen Screen 2-in-1",1.5422128,6.3099,lenovo,538.1324,448.1399517604762,6.1073
33,395.0,Yes,Used,USD,USA,Nikon,"Used:SLR Interchangeable Lenses,Prime Lenses,Cameras & Photo,Camera Accessories,Used:Digital Photography,Digital Camera Accessories,All Camera Lenses,Electronics,SLR Lenses,Camera & Photo,DSLR Lenses,Used:Lenses Lens Accessories,Cameras & Camcorders,Photography,Lenses & Filters,Digital Camera Lenses,Camera Lenses,Lenses","lens, camera",Electronics,AF-S NIKKOR 85mm f/1.8G Lens,5.6018612,5.9814,nikon,395.0,310.4467805511884,5.7412
34,199.99,Yes,New,USD,USA,Pny,"Desktop Memory,Computers/Tablets & Networking,Memory (RAM),Computer Components & Parts,Computers & Accessories,Computer Components,Memory (RAM,Memory,Electronics,Computers & Tablets,Computer Cards & Components","memory, computer, component",Electronics,Details About *brand New* Pny Anarchy 16gb Kit (2x8gb) Ddr4 2400mhz Pc419200 Desktop Memory,0.3628736,5.3032,pny,199.99,245.44876289688128,5.5071
35,120.72,Yes,New,USD,USA,AOC,"Computers,Computers & Accessories,LCD Monitors,Monitors, Projectors & Accs,Electronics,Monitors Displays,See more AOC E1659FWU 16\\ LED LCD Monitor,Computers/Tablets & Networking,Laptop Accessories,Monitors,Computers & Tablets,Laptops,Computer Monitors,LED Monitors","monitor, computer",Electronics,e1659Fwu 16 Widescreen USB 3.1 Gen 1 Powered LED Backlit LCD Monitor,1.0886208,4.8017,aoc,259.355,263.7671952217388,5.5788
36,397.99,Yes,New,USD,USA,Samsung,"Computers,Computers/Tablets & Networking,Computers & Accessories,Monitors, Projectors & Accs,Electronics,Monitors,Computers & Tablets,Computer Monitors,Surveillance Equipment,Computers Features,Curved Monitors,Monitors Displays","monitor, computer",Electronics,391 Series C32F391 32 16:9 Curved FreeSync LCD Monitor,6.3049288,5.9889,samsung,259.355,263.7671952217388,5.5788
37,60.02,Yes,New,USD,USA,OmniMount,"#15691 in,Audio & Video Accessories,TV Mounts,#917 in,Audio Visual Presentation,TV Stands, Mounts & Furniture,Electronics,TV & Home Theater,TV Ceiling & Wall Mounts,TV Accessories,Mounts Carts,Monitor Wall Mounts,TV Accessories & Parts,#1548 in,Monitor Mounts Stands,Accessories & Supplies","mount, tv, stand",Electronics,OC100T Tilt Mount for 23 to 42 TVs (Black),2.0865232,4.1112,omnimount,60.02,198.7887833961081,5.2972
38,79.96,Yes,New,USD,USA,Razer,"Computers,Mice & Mice Pads,All Mice & Mice Pads,Computers & Accessories,Electronics Fan Shop,Electronics,Mice, Trackballs & Touchpads,Keyboards and Mice,Mice Pointing devices xcbsztzedbfwuy,Keyboards, Mice & Pointers,See more Razer Naga Chroma Gaming Mouse with 12 Button ...,Video Games,See more Razer Naga Chroma Professional Grade Ergonomic...,PC Gaming Accessories,Gaming Mice,Computers & Tablets,Mice Touchpads,Computer Accessories,Computer Accessories & Peripherals,Keyboards, Mice & Joysticks,PC & Digital Gaming,Sports & Outdoors,Keyboards, Mice & Accessories,Computers/Tablets & Networking,Mice & Keyboards,Sports Fan Shop,Computer Peripherals,Mice,Mice Pointing devices","mouse, keyboard",Electronics,Razer Naga Chroma MMO Gaming Mouse 12 Programmable Thumb Buttons 16000 DPI Wired,2.1772416,4.3939,razer,79.9599,205.43660846941347,5.3299
39,31.99,Yes,Used,USD,USA,NETGEAR,"Computers,USB Wireless Network Adapters,Networking,Computers & Accessories,Home Networking & Connectivity,Electronics,USB Wi-Fi Adapters/Dongles,Networking Cables & Accessories,USB Network Adapters,Wi-Fi & Networking,Computers/Tablets & Networking,Computers & Tablets,USB Wi-Fi Adapters,Networking Products,Network Adapters","networking, adapter, switch",Electronics,NETGEAR - AC600 Dual-Band WiFi USB Mini Adapter - Black,0.113398,3.4962,netgear,31.99,189.4352445629387,5.2493
40,224.99,Yes,New,USD,USA,Arris,"Computers,Electronics Features,Networking,Computers & Accessories,Other Components & Parts,Home Networking & Connectivity,Computer Accessories & Peripherals,Routers,Frys,Electronics,Wireless Routers,Wi-Fi & Networking,Computers/Tablets & Networking,Internal Modems,Modem-Router Combos,Computer Components & Parts,Modems & Gateways,Computers & Tablets,Modems,Networking Products,See more ARRIS Surfboard SVG2482AC DOCSIS 3.0 Cable Mod...","networking, modem, router",Electronics,Details About Arris Surfboard Svg2482ac Docsis 3.0 Cable Modem Wifi Router Xfinity Voice Voip,1.5195332,5.4204,arris,224.99,253.77967181937439,5.5404
41,145.49,Yes,New,USD,USA,Samsung,"Unlocked Cell Phones,All Unlocked Cell Phones,Cell Phones & Accessories,Cell Phones,Mobile","phone, cell",Electronics,Samsung - Galaxy J3 4G LTE with 16GB Memory Cell Phone (Unlocked) - Black,2.3586784,4.9869,samsung,145.49,227.280352598193,5.4305
42,36.99,Yes,New,USD,USA,Sandisk,"Ipods & Mp3 Players,Media Streaming Players,Electronics,iPod and MP3 Players,TVs Entertainment,Portable Audio,Mobile,Speakers & Audio Systems,MP3 Players,iPod & MP3 Players,iPods Media Players,All MP3 Players,Home Audio,Audio","player, ipod",Electronics,Sandisk Flash Mp3 Player 8gb - Pink (sdmx24008p),0.0929863599999999,3.6373,sandisk,48.49,158.3367658743259,5.071
43,59.99,Yes,New,USD,USA,Sylvania,"Portable DVD Players & Accessories,Media Players & Recorders,Portable DVD Players,DVD & Blu-ray Players,Blu-ray & DVD Players,Portable Audio & Video,Electronics,TV & Home Theater,Home Audio & Theater,Home Theater","player, ipod",Electronics,"Sylvania SDVD7078 7 Portable DVD Player with Swivel Screen (Certified Refurbished)""",0.9525432,4.1107,sylvania,48.49,158.3367658743259,5.071
44,253.71,Yes,,USD,USA,Yamaha,"Electronics,Home Audio,Home Theater,Receivers & Amplifiers,Receivers,Electronics Features,AV Receivers & Amplifiers,Audio,Stereos,Recievers,Home Theater Systems,Frys","receiver, amplifier, home",Electronics,Yamaha RX-V681BL 7.2-Channel MusicCast AV Receiver with Bluetooth,11.8387512,5.5401,yamaha,401.2133,347.996913257419,5.855
45,799.98,Yes,New,USD,USA,Denon,"Stereos,Receivers Amplifiers,Receivers,Electronics,Hi-Res Home Theater Receivers,TVs Entertainment,Home Audio & Theater,All Home Stereos,Receivers & Amplifiers,Television & Video,High-Resolution Audio,Home Audio,Audio,AV Receivers & Amplifiers","receiver, amplifier, home",Electronics,AVR-X3400H 7.2-Channel Network A/V Receiver,10.7954896,6.6858,denon,401.2133,347.996913257419,5.855
46,149.95,Yes,New,USD,USA,Yamaha,"Recievers,TV, Video & Home Audio,Electronics Features,Receivers Amplifiers,Receivers,Frys,Electronics,TVs Entertainment,Home Electronics,See more Yamaha R-S202 Natural Sound Bluetooth 100-Watt...,Consumer Electronics,Home Audio Stereos, Components,Home Theater Systems,Camera & Photo Features,Receivers & Amplifiers,Home Audio,Electrical,Home Theater,Audio,Stereo Receivers","receiver, amplifier, home",Electronics,R-S202 Stereo Receiver with Bluetooth (Black),6.7131616,5.0169,yamaha,401.2133,347.996913257419,5.855
47,259.99,Yes,New,USD,USA,Sony,"TV, Video & Home Audio,Electronics Features,Speaker Systems,Frys,Electronics,Sound Bars,TVs Entertainment,Speakers,Televisions,Home Audio & Theater,All Home Speakers,Soundbar Speakers,Consumer Electronics,See more Sony HTCT790 Sound Bar With 4k and HDR Support...,Home Theater Systems,TV Sound Systems,Home Audio,Home Speakers & Subwoofers,Audio,See more Sony HTCT790 Sound Bar With 4k and HDR Support","sound, speaker, home",Electronics,HT-CT790 330W 2.1-Channel Soundbar System,2.7669112,5.5644,sony,479.495,373.83313820060266,5.9264
48,699.0,Yes,New,USD,USA,Bose,"Surround Speakers,TV, Video & Home Audio,Surround Sound Systems,Electronics,All Home Theater Systems,TVs Entertainment,Speakers,Consumer Electronics,Home Theater Systems,TV Sound Systems,Audio & Home Theatre,Home Audio,Audio","sound, speaker, home",Electronics,Acoustimass 6 Series V Home Theater Speaker System (Black),0.5352385599999999,6.551,bose,479.495,373.83313820060266,5.9264
49,76.95,Yes,New,USD,USA,Dual,"Stereos,Outdoor Speakers,Bluetooth & Wireless Speakers,Electronics Features,Speaker Systems,Electronics,Home Audio,Speakers,Home Audio & Theater,Audio,All Home Speakers,All Bluetooth & Wireless Speakers","speaker, audio",Electronics,Dual - 3-Way Indoor/Outdoor Speakers (Pair) - Black,2.494756,4.356,dual,98.47,183.3228975063069,5.2166
50,119.99,Yes,New,USD,USA,Sony,"Stereos,TV, Video & Home Audio,Speaker Systems,Floor-Standing Speakers,Speaker Separates retvfrxrwffyavrddqbb,Speaker Separates twxaesfvrbydttxbsrefbeewxvustuvrzxd,Frys,Electronics,TVs Entertainment,Speakers,Home Audio & Theater,Sony SS-CS3,All Home Speakers,Consumer Electronics,Floor Speakers,Home Theater Systems,Speaker Separates,Audio Speakers,Home Audio,Audio","speaker, audio",Electronics,"Sony - Core Series Dual 5 3-Way Floorstanding Speaker (Each) - Black""",13.7891968,4.7957,sony,98.47,183.3228975063069,5.2166
51,79.95,Yes,New,USD,USA,House of Marley,"Portable Bluetooth Speakers,Bluetooth & Wireless Speakers,Mobile Bluetooth Speakers,Portable Audio & Video,Electronics,Portable Speakers & Docks,Audio,Mobile,Mobile Speakers","speaker, bluetooth, mobile",Electronics,Chant Sport BT Portable Audio System (Natural),0.4989512,4.3938,house of marley,79.95,205.438138856715,5.33
52,49.99,Yes,,USD,USA,HMDX,"Electronics,Home Audio & Theater,Home Audio,All Home Speakers,Speaker Systems,Audio,Bluetooth & Wireless Speakers,Portable Audio & Video,Portable Speakers & Docks,Portable Bluetooth Speakers,Stereos","speaker, portable, bluetooth",Electronics,HMDX Dynamite Portable Splashproof Wireless Speaker (Gray),5.443104,3.9316,hmdx,109.92,189.04209341022826,5.2472
53,169.85,Yes,New,USD,USA,Grace Digital,"Electronics,Home Audio & Theater,Home Audio,All Home Speakers,Speaker Systems,Portable Audio & Video,Portable Speakers & Docks,Portable Bluetooth Speakers,Audio,Bluetooth & Wireless Speakers,Stereos,Electrical,Home Electronics,Portable Audio","speaker, portable, bluetooth",Electronics,EcoXGear Ecostone Bluetooth Speaker,1.360776,5.1407,grace digital,109.92,189.04209341022826,5.2472
54,519.79,Yes,New,USD,USA,Apple,"Computers,Computers & Accessories,Tablets,iPads,Electronics,iPad & Tablets,Used:Tablets,iPad Pro 9.7-inch,Computers/Tablets & Networking,Used:Computers Accessories,iPads Tablets,iPad Pro,All Tablets,Computers & Tablets,Apple iPad,9.7\\ iPad Pro,iPad,Tablets & eBook Readers","tablet, computer, ipad",Electronics,Apple - Pre-owned 9.7-inch iPad Pro - 32GB - Space gray,6.9399576000000005,6.2553,apple,375.7833,332.73749611705585,5.8103
55,154.99,Yes,New,USD,USA,Dell,"Computers,Wholesale Lots,Electronics Features,Computer Accessories,Networking,Computers & Accessories,Computer Accessories & Peripherals,Docking Stations,Docking Stations & Locks,Computer & Tablet Accessories,Notebook Accessories,Electronics,Computers/Tablets & Networking,Access Points, Hubs & Switches,Laptop & Desktop Accessories,Laptop Accessories,Docking Stations Port Replicators,Computers & Tablets,Laptop Docking Stations,Technology & Services","tablet, computer, ipad",Electronics,Dell USB 3.0 Ultra HD/4K Triple Display Docking Station (D3100),0.28576296,5.0497,dell,375.7833,332.73749611705585,5.8103
56,452.57,Yes,Refurbished,USD,USA,Apple,"Computers,Computers & Accessories,Tablets,iPads,Electronics,iPad & Tablets,Used:Tablets,iPad Pro 9.7-inch,Computers/Tablets & Networking,Used:Computers Accessories,iPads Tablets,iPad Pro,All Tablets,Computers & Tablets,Apple iPad,9.7\\ iPad Pro,iPad,Tablets & eBook Readers","tablet, computer, ipad",Electronics,Apple - Pre-owned 9.7-inch iPad Pro - 32GB - Space gray,6.9399576000000005,6.1171,apple,375.7833,332.73749611705585,5.8103
57,169.0,Yes,New,USD,USA,Actiontec,"Streaming Media Player Accessories,External Components,TV, Video & Home Audio,Computers & Accessories,Tv & Av Cables,Electronics,Electronics Deals,KVM Switches,TVs Entertainment,PC to TV,TV & Home Theater,TV, Video & Audio Accessories,General Accessories,Speakers & Audio Systems,Tvs & Home Theater,Consumer Electronics,Audio/Video Transmitters,Streaming Media Players,Home Audio,Audio,Tv & Home Theater Accessories,Cables & Chargers,Audio Visual Accessories","tv, streaming, medium",Electronics,MyWirelessTV2 Multi-Room Wireless HD Video Kit,0.907184,5.1358,actiontec,169.0,235.1121805958816,5.4643
58,254.99,Yes,New,USD,USA,Samsung,"Samsung Tax Time Savings,TV, Video & Home Audio,Samsung TVs,Electronics,Televisions,TVs Entertainment,TV & Home Theater,TVs by Brand,All Flat-Panel TVs,LED & LCD TVs,All TVs,Consumer Electronics,TVs,TV & Video,Television & Video","tv, television, led",Electronics,"Samsung - 32 Class (31.5"" Diag.) - LED - 720p - Smart - HDTV""",4.082328,5.5451,samsung,492.37,428.3156767491542,6.0621
59,456.89,Yes,New,USD,USA,Sony,"TV, Video & Home Audio,Frys,Electronics,Shop TVs by Type,Televisions,TV & Home Theater,Televisions Video Equipment,All Flat-Panel TVs,LED & LCD TVs,Consumer Electronics,TVs,Television & Video,Smart TVs","tv, television, led",Electronics,"Sony - 40 class (39.5"" Diag.) - LED - 1080p - Smart - HDTV""",8.10115312,6.1266,sony,492.37,428.3156767491542,6.0621
60,599.99,Yes,New,USD,USA,Sony,"TV, Video & Home Audio,Frys,Electronics,Shop TVs by Type,Televisions,TV & Home Theater,Televisions Video Equipment,All Flat-Panel TVs,LED & LCD TVs,Consumer Electronics,TVs,Television & Video,Smart TVs","tv, television, led",Electronics,"Sony - 40 class (39.5"" Diag.) - LED - 1080p - Smart - HDTV""",8.10115312,6.3985,sony,492.37,428.3156767491542,6.0621
61,449.99,Yes,New,USD,USA,Sony,"TV, Video & Home Audio,Electronics,Televisions,TVs Entertainment,TV & Home Theater,TV, Audio / Video, Gaming & Wearables,All Flat-Panel TVs,LED & LCD TVs,All TVs,Consumer Electronics,TVs,TV & Video,LCD Televisions,Smart TVs by Brand,Television & Video,Sony Smart TVs","tv, television, led",Electronics,W650D-Series 48-Class Full HD Smart LED TV,10.20582,6.1114,sony,492.37,428.3156767491542,6.0621
62,699.99,,New,USD,USA,Samsung,"Electronics,Shop TVs by Type,Computers Features,TVs Entertainment,Televisions,Tvs & Home Theater,Tvs,Featured Brands,College Tvs & Home Theater,TV, Video & Audio Parts,Television & Video,LED TVs,Ways To Shop,TVs & Electronics,TV, Video & Home Audio,On To College,Electronics Deals,Interests & Categories,TV & Home Theater,Mobile,All Flat-Panel TVs,College Electronics,LED & LCD TVs,Consumer Electronics,TV & Video,TV Boards, Parts & Components,By Recipient,Gifts,Samsung,Host & Hostess,Back To College,Smart TVs,Holiday Shop,Electronics & Gadgets","tv, television, led",Electronics,"SAMSUNG 40 Class FHD (1080P) Smart LED TV (UN40J5200AF)""",9.525432,6.5524,samsung,492.37,428.3156767491542,6.0621
63,299.99,Yes,,USD,USA,Sonos,"Stereos,Dining & Entertaining,Speaker Systems,Electronics,TVs Entertainment,Wireless & Streaming Audio,All Home Speakers,Speakers & Audio Systems,Wireless Speakers,Wireless & Multiroom Audio,Home Speakers & Subwoofers,Shelf Systems,Ways To Shop,Electronics Features,TV, Video & Home Audio,Wireless Multiroom Audio Systems,Interests & Categories,Speakers,Home Audio & Theater,Wireless Home Speakers,Consumer Electronics,Wireless and Bluetooth Speakers,Home Audio,Audio,Wireless Multi-Room Speakers,Electronics & Gadgets","wireless, speaker, audio",Electronics,PLAY:3 Wireless Speaker (Black),2.5854744,5.707,sonos,299.99,278.7860945545538,5.634
